Sample,Target,Replication Number,Quantity Mean,Quantity SD
MEMO029,CPV,2,NA,NA
MEMO030,CPV,2,NA,NA
MEMO031,CPV,2,NA,NA
MEMO032,CPV,2,NA,NA
MEMO033,CPV,2,NA,NA
MEMO034,CPV,2,NA,NA
MEMO035,CPV,2,NA,NA
MEMO036,CPV,2,NA,NA
MEMO037,CPV,2,NA,NA
MEMO038,CPV,2,NA,NA
MEMO039,CPV,2,NA,NA
MEMO040,CPV,2,NA,NA
MEMO041,CPV,2,NA,NA
MEMO042,CPV,2,NA,NA
MEMO043,CPV,2,NA,NA
MEMO001,CPV,2,NA,NA
MEMO002,CPV,2,NA,NA
MEMO003,CPV,2,NA,NA
MEMO004,CPV,2,NA,NA
MEMO005,CPV,2,NA,NA
MEMO006,CPV,2,NA,NA
MEMO007,CPV,2,NA,NA
MEMO008,CPV,2,NA,NA
MEMO010,CPV,2,NA,NA
MEMO011,CPV,2,NA,NA
MEMO012,CPV,2,NA,NA
MEMO013,CPV,2,NA,NA
MEMO014,CPV,2,NA,NA
MEMO015,CPV,2,NA,NA
MEMO016,CPV,2,NA,NA
MEMO017,CPV,2,NA,NA
MEMO018,CPV,2,NA,NA
MEMO019,CPV,2,NA,NA
MEMO021,CPV,2,NA,NA
MEMO022,CPV,2,NA,NA
MEMO023,CPV,2,NA,NA
MEMO024,CPV,2,NA,NA
MEMO025,CPV,2,NA,NA
MEMO026,CPV,2,NA,NA
MEMO027,CPV,2,NA,NA
MEMO028,CPV,2,NA,NA
NC,CPV,2,NA,NA
MEMO081,CPV,2,NA,NA
MEMO082,CPV,2,NA,NA
MEMO044,CPV,2,21891.649457388696,"5124.129230712767,"
MEMO045,CPV,2,NA,NA
MEMO047,CPV,2,NA,NA
MEMO048,CPV,2,4913.730708383291,"69.75949452978489,"
MEMO049,CPV,2,NA,NA
MEMO050,CPV,2,NA,NA
MEMO051,CPV,2,NA,NA
MEMO052,CPV,2,NA,NA
MEMO053,CPV,2,NA,NA
MEMO054,CPV,2,NA,NA
MEMO055,CPV,2,NA,NA
MEMO056,CPV,2,NA,NA
MEMO057,CPV,2,NA,NA
MEMO058,CPV,2,NA,NA
MEMO059,CPV,2,NA,NA
MEMO060,CPV,2,197484.751125214,"51792.43725208559,"
MEMO061,CPV,2,709517.8451549197,"73096.19744648262,"
MEMO062,CPV,2,NA,NA
MEMO063,CPV,2,249407.9771517829,"2431.9860965045314,"
MEMO064,CPV,2,27835.577243740765,"3722.9324235571676,"
MEMO065,CPV,2,220843.5007388543,"20635.273178190713,"
MEMO066,CPV,2,21764.242907296288,"6105.802055191078,"
MEMO067,CPV,2,4521294.308855871,"4150121.1132965754,"
MEMO068,CPV,2,439353.6073090811,"20659.75316575077,"
MEMO069,CPV,2,1010001.9855209412,"517656.93525122845,"
MEMO070,CPV,2,29201.619818249543,"9045.78706165215,"
MEMO071,CPV,2,68432.41311191606,"1874.148289480776,"
MEMO072,CPV,2,307765.3921606367,"1076.2909600063954,"
MEMO073,CPV,2,20814.346155258347,"451.8947222420926,"
MEMO074,CPV,2,NA,NA
MEMO075,CPV,2,650848.2872110447,"237734.98042199633,"
MEMO077,CPV,2,130011.44311843648,"3027.1547100230046,"
MEMO078,CPV,2,4.960552519470092,"2.7618537418373967,"
MEMO079,CPV,2,36935.25869763245,"2896.493855897871,"
MEMO080,CPV,2,NA,NA
MEMO083,CPV,2,NA,NA
MEMO084,CPV,2,NA,NA
MEMO085,CPV,2,NA,NA
MEMO086,CPV,2,NA,NA
NC,CPV,2,NA,NA
MEMO115,CPV,2,NA,NA
MEMO116,CPV,2,NA,NA
MEMO117,CPV,2,NA,NA
MEMO118,CPV,2,NA,NA
MEMO119,CPV,2,NA,NA
MEMO120,CPV,2,NA,NA
MEMO121,CPV,2,NA,NA
MEMO122,CPV,2,2766.186662826389,"384.1460014052209,"
MEMO123,CPV,2,NA,NA
MEMO124,CPV,2,NA,NA
MEMO125,CPV,2,NA,NA
MEMO126,CPV,2,NA,NA
MEMO127,CPV,2,NA,NA
MEMO087,CPV,2,NA,NA
MEMO088,CPV,2,NA,NA
MEMO089,CPV,2,NA,NA
MEMO090,CPV,2,NA,NA
MEMO091,CPV,2,NA,NA
MEMO092,CPV,2,NA,NA
MEMO093,CPV,2,NA,NA
MEMO094,CPV,2,NA,NA
MEMO095,CPV,2,NA,NA
MEMO096,CPV,2,NA,NA
MEMO097,CPV,2,NA,NA
MEMO098,CPV,2,NA,NA
MEMO099,CPV,2,NA,NA
MEMO100,CPV,2,NA,NA
MEMO101,CPV,2,NA,NA
MEMO102,CPV,2,NA,NA
MEMO103,CPV,2,NA,NA
MEMO104,CPV,2,NA,NA
MEMO105,CPV,2,NA,NA
MEMO106,CPV,2,NA,NA
MEMO107,CPV,2,NA,NA
MEMO108,CPV,2,NA,NA
MEMO109,CPV,2,NA,NA
MEMO110,CPV,2,NA,NA
MEMO111,CPV,2,NA,NA
MEMO112,CPV,2,NA,NA
MEMO113,CPV,2,NA,NA
MEMO128,CPV,2,NA,NA
NC,CPV,2,NA,NA
MEMO141,CPV,2,NA,NA
MEMO146,CPV,2,NA,NA
MEMO142,CPV,2,NA,NA
MEMO143,CPV,2,NA,NA
MEMO144,CPV,2,NA,NA
MEMO145,CPV,2,NA,NA
MEMO129,CPV,2,NA,NA
MEMO130,CPV,2,NA,NA
MEMO131,CPV,2,NA,NA
MEMO132,CPV,2,NA,NA
MEMO133,CPV,2,NA,NA
MEMO134,CPV,2,NA,NA
MEMO135,CPV,2,NA,NA
MEMO136,CPV,2,NA,NA
MEMO137,CPV,2,NA,NA
MEMO138,CPV,2,NA,NA
MEMO139,CPV,2,NA,NA
MEMO140,CPV,2,NA,NA
MEMO147,CPV,2,NA,NA
MEMO148,CPV,2,NA,NA
MEMO149,CPV,2,NA,NA
NC,CPV,2,NA,NA
NEMO01,CPV,2,NA,NA
NEMO02,CPV,2,NA,NA
NEMO03,CPV,2,NA,NA
NEMO04,CPV,2,NA,NA
NEMO05,CPV,2,NA,NA
NEMO06,CPV,2,NA,NA
NEMO07,CPV,2,NA,NA
NEMO08,CPV,2,NA,NA
NEMO09,CPV,2,NA,NA
NEMO10,CPV,2,NA,NA
NEMO11,CPV,2,NA,NA
NEMO12,CPV,2,NA,NA
NEMO13,CPV,2,NA,NA
NEMO14,CPV,2,NA,NA
NEMO15,CPV,2,NA,NA
NEMO16,CPV,2,NA,NA
NEMO17,CPV,2,NA,NA
NEMO18,CPV,2,NA,NA
NEMO19,CPV,2,NA,NA
NEMO20,CPV,2,NA,NA
NC,CPV,2,NA,NA
NEMO21,CPV,2,NA,NA
NEMO22,CPV,2,NA,NA
NEMO23,CPV,2,NA,NA
NEMO24,CPV,2,NA,NA
NEMO25,CPV,2,NA,NA
NEMO26,CPV,2,NA,NA
NEMO27,CPV,2,NA,NA
NEMO28,CPV,2,NA,NA
NEMO29,CPV,2,NA,NA
NEMO30,CPV,2,NA,NA
NEMO31,CPV,2,NA,NA
NEMO32,CPV,2,NA,NA
NEMO33,CPV,2,NA,NA
NEMO34,CPV,2,NA,NA
NEMO35,CPV,2,NA,NA
NEMO36,CPV,2,NA,NA
NEMO37,CPV,2,NA,NA
NEMO38,CPV,2,NA,NA
NEMO39,CPV,2,NA,NA
NEMO40,CPV,2,NA,NA
NEMO41,CPV,2,NA,NA
NEMO42,CPV,2,NA,NA
NEMO43,CPV,2,NA,NA
NEMO44,CPV,2,NA,NA
NEMO45,CPV,2,NA,NA
NEMO46,CPV,2,NA,NA
NEMO47,CPV,2,NA,NA
NEMO48,CPV,2,NA,NA
NEMO49,CPV,2,NA,NA
NEMO50,CPV,2,NA,NA
NEMO51,CPV,2,NA,NA
NEMO52,CPV,2,NA,NA
NEMO53,CPV,2,NA,NA
NEMO54,CPV,2,NA,NA
MEMO029,XCV,2,NA,NA
MEMO030,XCV,2,NA,NA
MEMO031,XCV,2,NA,NA
MEMO032,XCV,2,65631.57528930636,"3464.652930232759,"
MEMO033,XCV,2,NA,NA
MEMO034,XCV,2,NA,NA
MEMO035,XCV,2,NA,NA
MEMO036,XCV,2,NA,NA
MEMO037,XCV,2,NA,NA
MEMO038,XCV,2,3723.872215947522,"172.76084753934418,"
MEMO039,XCV,2,NA,NA
MEMO040,XCV,2,NA,NA
MEMO041,XCV,2,NA,NA
MEMO042,XCV,2,NA,NA
MEMO043,XCV,2,NA,NA
MEMO001,XCV,2,NA,NA
MEMO002,XCV,2,NA,NA
MEMO003,XCV,2,NA,NA
MEMO004,XCV,2,NA,NA
MEMO005,XCV,2,NA,NA
MEMO006,XCV,2,NA,NA
MEMO007,XCV,2,NA,NA
MEMO008,XCV,2,NA,NA
MEMO010,XCV,2,NA,NA
MEMO011,XCV,2,NA,NA
MEMO012,XCV,2,NA,NA
MEMO013,XCV,2,NA,NA
MEMO014,XCV,2,NA,NA
MEMO015,XCV,2,NA,NA
MEMO016,XCV,2,NA,NA
MEMO017,XCV,2,NA,NA
MEMO018,XCV,2,NA,NA
MEMO019,XCV,2,NA,NA
MEMO021,XCV,2,NA,NA
MEMO022,XCV,2,NA,NA
MEMO023,XCV,2,NA,NA
MEMO024,XCV,2,NA,NA
MEMO025,XCV,2,178800.1250150823,"23058.34473875451,"
MEMO026,XCV,2,NA,NA
MEMO027,XCV,2,NA,NA
MEMO028,XCV,2,NA,NA
NC,XCV,2,NA,NA
MEMO081,XCV,2,NA,NA
MEMO082,XCV,2,NA,NA
MEMO044,XCV,2,NA,NA
MEMO045,XCV,2,NA,NA
MEMO047,XCV,2,NA,NA
MEMO048,XCV,2,NA,NA
MEMO049,XCV,2,13418.14753891945,"821.287030560803,"
MEMO050,XCV,2,NA,NA
MEMO051,XCV,2,136468.30873241654,"10034.94282068263,"
MEMO052,XCV,2,107370.67476675588,"52546.6402866761,"
MEMO053,XCV,2,138780.6864322361,"17440.05136497103,"
MEMO054,XCV,2,NA,NA
MEMO055,XCV,2,NA,NA
MEMO056,XCV,2,NA,NA
MEMO057,XCV,2,NA,NA
MEMO058,XCV,2,NA,NA
MEMO059,XCV,2,712691.9959829738,"25575.61636600728,"
MEMO060,XCV,2,NA,NA
MEMO061,XCV,2,NA,NA
MEMO062,XCV,2,8.347240328453138,"0.19240846532463757,"
MEMO063,XCV,2,NA,NA
MEMO064,XCV,2,NA,NA
MEMO065,XCV,2,NA,NA
MEMO066,XCV,2,NA,NA
MEMO067,XCV,2,NA,NA
MEMO068,XCV,2,NA,NA
MEMO069,XCV,2,NA,NA
MEMO070,XCV,2,NA,NA
MEMO071,XCV,2,NA,NA
MEMO072,XCV,2,NA,NA
MEMO073,XCV,2,NA,NA
MEMO074,XCV,2,NA,NA
MEMO075,XCV,2,NA,NA
MEMO077,XCV,2,NA,NA
MEMO078,XCV,2,NA,NA
MEMO079,XCV,2,NA,NA
MEMO080,XCV,2,NA,NA
MEMO083,XCV,2,NA,NA
MEMO084,XCV,2,NA,NA
MEMO085,XCV,2,29.70870784161942,"9.045944353006522,"
MEMO086,XCV,2,NA,NA
NC,XCV,2,NA,NA
MEMO115,XCV,2,NA,NA
MEMO116,XCV,2,NA,NA
MEMO117,XCV,2,NA,NA
MEMO118,XCV,2,NA,NA
MEMO119,XCV,2,NA,NA
MEMO120,XCV,2,NA,NA
MEMO121,XCV,2,NA,NA
MEMO122,XCV,2,NA,NA
MEMO123,XCV,2,NA,NA
MEMO124,XCV,2,28.926649623370324,"2.0958182491663093,"
MEMO125,XCV,2,NA,NA
MEMO126,XCV,2,NA,NA
MEMO127,XCV,2,NA,NA
MEMO087,XCV,2,NA,NA
MEMO088,XCV,2,NA,NA
MEMO089,XCV,2,NA,NA
MEMO090,XCV,2,NA,NA
MEMO091,XCV,2,NA,NA
MEMO092,XCV,2,NA,NA
MEMO093,XCV,2,NA,NA
MEMO094,XCV,2,NA,NA
MEMO095,XCV,2,NA,NA
MEMO096,XCV,2,NA,NA
MEMO097,XCV,2,NA,NA
MEMO098,XCV,2,NA,NA
MEMO099,XCV,2,NA,NA
MEMO100,XCV,2,NA,NA
MEMO101,XCV,2,NA,NA
MEMO102,XCV,2,NA,NA
MEMO103,XCV,2,NA,NA
MEMO104,XCV,2,NA,NA
MEMO105,XCV,2,NA,NA
MEMO106,XCV,2,NA,NA
MEMO107,XCV,2,NA,NA
MEMO108,XCV,2,NA,NA
MEMO109,XCV,2,NA,NA
MEMO110,XCV,2,NA,NA
MEMO111,XCV,2,NA,NA
MEMO112,XCV,2,NA,NA
MEMO113,XCV,2,NA,NA
MEMO128,XCV,2,NA,NA
NC,XCV,2,NA,NA
MEMO141,XCV,2,NA,NA
MEMO146,XCV,2,NA,NA
MEMO142,XCV,2,NA,NA
MEMO143,XCV,2,NA,NA
MEMO144,XCV,2,NA,NA
MEMO145,XCV,2,NA,NA
MEMO129,XCV,2,NA,NA
MEMO130,XCV,2,NA,NA
MEMO131,XCV,2,NA,NA
MEMO132,XCV,2,NA,NA
MEMO133,XCV,2,NA,NA
MEMO134,XCV,2,190310.58309404884,"2688.7391003283365,"
MEMO135,XCV,2,NA,NA
MEMO136,XCV,2,NA,NA
MEMO137,XCV,2,1035.0517627111212,"160.95198252519876,"
MEMO138,XCV,2,NA,NA
MEMO139,XCV,2,NA,NA
MEMO140,XCV,2,NA,NA
MEMO147,XCV,2,NA,NA
MEMO148,XCV,2,NA,NA
MEMO149,XCV,2,NA,NA
NC,XCV,2,NA,NA
NEMO01,XCV,2,277529.1793596053,"7722.1622186251525,"
NEMO02,XCV,2,54237.83113814135,"1297.3996048954011,"
NEMO03,XCV,2,NA,NA
NEMO04,XCV,2,87449.45270418745,"3277.44927227537,"
NEMO05,XCV,2,NA,NA
NEMO06,XCV,2,NA,NA
NEMO07,XCV,2,NA,NA
NEMO08,XCV,2,NA,NA
NEMO09,XCV,2,NA,NA
NEMO10,XCV,2,NA,NA
NEMO11,XCV,2,NA,NA
NEMO12,XCV,2,NA,NA
NEMO13,XCV,2,NA,NA
NEMO14,XCV,2,NA,NA
NEMO15,XCV,2,NA,NA
NEMO16,XCV,2,NA,NA
NEMO17,XCV,2,NA,NA
NEMO18,XCV,2,NA,NA
NEMO19,XCV,2,NA,NA
NEMO20,XCV,2,NA,NA
NC,XCV,2,NA,NA
NEMO21,XCV,2,NA,NA
NEMO22,XCV,2,7881.141136243271,"56.51532958598808,"
NEMO23,XCV,2,NA,NA
NEMO24,XCV,2,NA,NA
NEMO25,XCV,2,98108.3219240061,"7485.815554681669,"
NEMO26,XCV,2,NA,NA
NEMO27,XCV,2,NA,NA
NEMO28,XCV,2,NA,NA
NEMO29,XCV,2,NA,NA
NEMO30,XCV,2,NA,NA
NEMO31,XCV,2,NA,NA
NEMO32,XCV,2,NA,NA
NEMO33,XCV,2,177686.54520074406,"16551.449456357816,"
NEMO34,XCV,2,NA,NA
NEMO35,XCV,2,NA,NA
NEMO36,XCV,2,NA,NA
NEMO37,XCV,2,NA,NA
NEMO38,XCV,2,NA,NA
NEMO39,XCV,2,NA,NA
NEMO40,XCV,2,NA,NA
NEMO41,XCV,2,NA,NA
NEMO42,XCV,2,12.50365974132257,"2.4544037033245294,"
NEMO43,XCV,2,NA,NA
NEMO44,XCV,2,NA,NA
NEMO45,XCV,2,NA,NA
NEMO46,XCV,2,NA,NA
NEMO47,XCV,2,NA,NA
NEMO48,XCV,2,NA,NA
NEMO49,XCV,2,NA,NA
NEMO50,XCV,2,NA,NA
NEMO51,XCV,2,NA,NA
NEMO52,XCV,2,20065.40830851016,"224.19543995544055,"
NEMO53,XCV,2,NA,NA
NEMO54,XCV,2,NA,NA
MEMO029,WMV6,2,NA,NA
MEMO030,WMV6,2,NA,NA
MEMO031,WMV6,2,NA,NA
MEMO032,WMV6,2,NA,NA
MEMO033,WMV6,2,NA,NA
MEMO034,WMV6,2,NA,NA
MEMO035,WMV6,2,NA,NA
MEMO036,WMV6,2,NA,NA
MEMO037,WMV6,2,NA,NA
MEMO038,WMV6,2,NA,NA
MEMO039,WMV6,2,NA,NA
MEMO040,WMV6,2,NA,NA
MEMO041,WMV6,2,NA,NA
MEMO042,WMV6,2,546.701136859422,"50.094022274209244,"
MEMO043,WMV6,2,NA,NA
MEMO001,WMV6,2,NA,NA
MEMO002,WMV6,2,NA,NA
MEMO003,WMV6,2,NA,NA
MEMO004,WMV6,2,NA,NA
MEMO005,WMV6,2,NA,NA
MEMO006,WMV6,2,NA,NA
MEMO007,WMV6,2,NA,NA
MEMO008,WMV6,2,NA,NA
MEMO010,WMV6,2,NA,NA
MEMO011,WMV6,2,NA,NA
MEMO012,WMV6,2,NA,NA
MEMO013,WMV6,2,NA,NA
MEMO014,WMV6,2,NA,NA
MEMO015,WMV6,2,NA,NA
MEMO016,WMV6,2,NA,NA
MEMO017,WMV6,2,NA,NA
MEMO018,WMV6,2,NA,NA
MEMO019,WMV6,2,NA,NA
MEMO021,WMV6,2,NA,NA
MEMO022,WMV6,2,NA,NA
MEMO023,WMV6,2,NA,NA
MEMO024,WMV6,2,NA,NA
MEMO025,WMV6,2,NA,NA
MEMO026,WMV6,2,NA,NA
MEMO027,WMV6,2,NA,NA
MEMO028,WMV6,2,NA,NA
NC,WMV6,2,NA,NA
MEMO081,WMV6,2,NA,NA
MEMO082,WMV6,2,NA,NA
MEMO044,WMV6,2,22251.115940863587,"5804.570054734818,"
MEMO045,WMV6,2,NA,NA
MEMO047,WMV6,2,NA,NA
MEMO048,WMV6,2,NA,NA
MEMO049,WMV6,2,NA,NA
MEMO050,WMV6,2,7988.030941969595,"273.2365904340198,"
MEMO051,WMV6,2,NA,NA
MEMO052,WMV6,2,NA,NA
MEMO053,WMV6,2,NA,NA
MEMO054,WMV6,2,NA,NA
MEMO055,WMV6,2,NA,NA
MEMO056,WMV6,2,NA,NA
MEMO057,WMV6,2,NA,NA
MEMO058,WMV6,2,NA,NA
MEMO059,WMV6,2,7.899977585729234,"2.013448970886919,"
MEMO060,WMV6,2,1595702.85620389,"101640.42306717049,"
MEMO061,WMV6,2,NA,NA
MEMO062,WMV6,2,NA,NA
MEMO063,WMV6,2,NA,NA
MEMO064,WMV6,2,NA,NA
MEMO065,WMV6,2,NA,NA
MEMO066,WMV6,2,NA,NA
MEMO067,WMV6,2,5545519.603704784,"992836.0474124389,"
MEMO068,WMV6,2,NA,NA
MEMO069,WMV6,2,NA,NA
MEMO070,WMV6,2,NA,NA
MEMO071,WMV6,2,NA,NA
MEMO072,WMV6,2,NA,NA
MEMO073,WMV6,2,NA,NA
MEMO074,WMV6,2,NA,NA
MEMO075,WMV6,2,NA,NA
MEMO077,WMV6,2,NA,NA
MEMO078,WMV6,2,NA,NA
MEMO079,WMV6,2,NA,NA
MEMO080,WMV6,2,NA,NA
MEMO083,WMV6,2,NA,NA
MEMO084,WMV6,2,NA,NA
MEMO085,WMV6,2,NA,NA
MEMO086,WMV6,2,NA,NA
NC,WMV6,2,NA,NA
MEMO115,WMV6,2,NA,NA
MEMO116,WMV6,2,NA,NA
MEMO117,WMV6,2,NA,NA
MEMO118,WMV6,2,NA,NA
MEMO119,WMV6,2,NA,NA
MEMO120,WMV6,2,NA,NA
MEMO121,WMV6,2,NA,NA
MEMO122,WMV6,2,NA,NA
MEMO123,WMV6,2,NA,NA
MEMO124,WMV6,2,NA,NA
MEMO125,WMV6,2,NA,NA
MEMO126,WMV6,2,NA,NA
MEMO127,WMV6,2,NA,NA
MEMO087,WMV6,2,NA,NA
MEMO088,WMV6,2,NA,NA
MEMO089,WMV6,2,NA,NA
MEMO090,WMV6,2,NA,NA
MEMO091,WMV6,2,NA,NA
MEMO092,WMV6,2,NA,NA
MEMO093,WMV6,2,NA,NA
MEMO094,WMV6,2,NA,NA
MEMO095,WMV6,2,NA,NA
MEMO096,WMV6,2,NA,NA
MEMO097,WMV6,2,NA,NA
MEMO098,WMV6,2,NA,NA
MEMO099,WMV6,2,NA,NA
MEMO100,WMV6,2,NA,NA
MEMO101,WMV6,2,NA,NA
MEMO102,WMV6,2,NA,NA
MEMO103,WMV6,2,NA,NA
MEMO104,WMV6,2,NA,NA
MEMO105,WMV6,2,NA,NA
MEMO106,WMV6,2,NA,NA
MEMO107,WMV6,2,NA,NA
MEMO108,WMV6,2,NA,NA
MEMO109,WMV6,2,NA,NA
MEMO110,WMV6,2,NA,NA
MEMO111,WMV6,2,3461.099123189511,"1951.854591547621,"
MEMO112,WMV6,2,NA,NA
MEMO113,WMV6,2,NA,NA
MEMO128,WMV6,2,NA,NA
NC,WMV6,2,NA,NA
MEMO141,WMV6,2,16.462654506616296,"4.327346615386619,"
MEMO146,WMV6,2,NA,NA
MEMO142,WMV6,2,NA,NA
MEMO143,WMV6,2,NA,NA
MEMO144,WMV6,2,NA,NA
MEMO145,WMV6,2,NA,NA
MEMO129,WMV6,2,NA,NA
MEMO130,WMV6,2,NA,NA
MEMO131,WMV6,2,NA,NA
MEMO132,WMV6,2,NA,NA
MEMO133,WMV6,2,NA,NA
MEMO134,WMV6,2,NA,NA
MEMO135,WMV6,2,NA,NA
MEMO136,WMV6,2,NA,NA
MEMO137,WMV6,2,21955.285770240815,"429.89847861584286,"
MEMO138,WMV6,2,NA,NA
MEMO139,WMV6,2,NA,NA
MEMO140,WMV6,2,NA,NA
MEMO147,WMV6,2,NA,NA
MEMO148,WMV6,2,NA,NA
MEMO149,WMV6,2,NA,NA
NC,WMV6,2,NA,NA
NEMO01,WMV6,2,NA,NA
NEMO02,WMV6,2,NA,NA
NEMO03,WMV6,2,NA,NA
NEMO04,WMV6,2,NA,NA
NEMO05,WMV6,2,NA,NA
NEMO06,WMV6,2,NA,NA
NEMO07,WMV6,2,NA,NA
NEMO08,WMV6,2,NA,NA
NEMO09,WMV6,2,NA,NA
NEMO10,WMV6,2,NA,NA
NEMO11,WMV6,2,NA,NA
NEMO12,WMV6,2,NA,NA
NEMO13,WMV6,2,NA,NA
NEMO14,WMV6,2,NA,NA
NEMO15,WMV6,2,NA,NA
NEMO16,WMV6,2,NA,NA
NEMO17,WMV6,2,NA,NA
NEMO18,WMV6,2,NA,NA
NEMO19,WMV6,2,NA,NA
NEMO20,WMV6,2,24.194791482488192,5.383620980983622
NC,WMV6,2,NA,NA
NEMO21,WMV6,2,NA,NA
NEMO22,WMV6,2,NA,NA
NEMO23,WMV6,2,NA,NA
NEMO24,WMV6,2,NA,NA
NEMO25,WMV6,2,NA,NA
NEMO26,WMV6,2,NA,NA
NEMO27,WMV6,2,NA,NA
NEMO28,WMV6,2,NA,NA
NEMO29,WMV6,2,782383.8178430789,"148347.875352981,"
NEMO30,WMV6,2,NA,NA
NEMO31,WMV6,2,NA,NA
NEMO32,WMV6,2,NA,NA
NEMO33,WMV6,2,NA,NA
NEMO34,WMV6,2,NA,NA
NEMO35,WMV6,2,NA,NA
NEMO36,WMV6,2,NA,NA
NEMO37,WMV6,2,NA,NA
NEMO38,WMV6,2,NA,NA
NEMO39,WMV6,2,NA,NA
NEMO40,WMV6,2,NA,NA
NEMO41,WMV6,2,NA,NA
NEMO42,WMV6,2,NA,NA
NEMO43,WMV6,2,NA,NA
NEMO44,WMV6,2,NA,NA
NEMO45,WMV6,2,NA,NA
NEMO46,WMV6,2,4.868850410617334,"0.28386959044736687,"
NEMO47,WMV6,2,NA,NA
NEMO48,WMV6,2,NA,NA
NEMO49,WMV6,2,9.78300509720949,"7.182292950967089,"
NEMO50,WMV6,2,NA,NA
NEMO51,WMV6,2,NA,NA
NEMO52,WMV6,2,NA,NA
NEMO53,WMV6,2,NA,NA
NEMO54,WMV6,2,NA,NA
MEMO029,WMV4,2,NA,NA
MEMO030,WMV4,2,NA,NA
MEMO031,WMV4,2,NA,NA
MEMO032,WMV4,2,NA,NA
MEMO033,WMV4,2,NA,NA
MEMO034,WMV4,2,NA,NA
MEMO035,WMV4,2,NA,NA
MEMO036,WMV4,2,NA,NA
MEMO037,WMV4,2,NA,NA
MEMO038,WMV4,2,NA,NA
MEMO039,WMV4,2,NA,NA
MEMO040,WMV4,2,NA,NA
MEMO041,WMV4,2,NA,NA
MEMO042,WMV4,2,NA,NA
MEMO043,WMV4,2,NA,NA
MEMO001,WMV4,2,NA,NA
MEMO002,WMV4,2,NA,NA
MEMO003,WMV4,2,NA,NA
MEMO004,WMV4,2,NA,NA
MEMO005,WMV4,2,91.06262538708802,"21.037785422535375,"
MEMO006,WMV4,2,NA,NA
MEMO007,WMV4,2,NA,NA
MEMO008,WMV4,2,NA,NA
MEMO010,WMV4,2,NA,NA
MEMO011,WMV4,2,NA,NA
MEMO012,WMV4,2,NA,NA
MEMO013,WMV4,2,NA,NA
MEMO014,WMV4,2,NA,NA
MEMO015,WMV4,2,NA,NA
MEMO016,WMV4,2,NA,NA
MEMO017,WMV4,2,NA,NA
MEMO018,WMV4,2,NA,NA
MEMO019,WMV4,2,189.24666216588736,"3.0247783500620575,"
MEMO021,WMV4,2,NA,NA
MEMO022,WMV4,2,NA,NA
MEMO023,WMV4,2,NA,NA
MEMO024,WMV4,2,NA,NA
MEMO025,WMV4,2,NA,NA
MEMO026,WMV4,2,NA,NA
MEMO027,WMV4,2,NA,NA
MEMO028,WMV4,2,NA,NA
NC,WMV4,2,NA,NA
MEMO081,WMV4,2,NA,NA
MEMO082,WMV4,2,NA,NA
MEMO044,WMV4,2,3960.133881026983,"474.8445988682911,"
MEMO045,WMV4,2,NA,NA
MEMO047,WMV4,2,5183.157957210853,"305.8075389265678,"
MEMO048,WMV4,2,NA,NA
MEMO049,WMV4,2,NA,NA
MEMO050,WMV4,2,NA,NA
MEMO051,WMV4,2,NA,NA
MEMO052,WMV4,2,NA,NA
MEMO053,WMV4,2,NA,NA
MEMO054,WMV4,2,NA,NA
MEMO055,WMV4,2,NA,NA
MEMO056,WMV4,2,NA,NA
MEMO057,WMV4,2,NA,NA
MEMO058,WMV4,2,NA,NA
MEMO059,WMV4,2,NA,NA
MEMO060,WMV4,2,NA,NA
MEMO061,WMV4,2,952867.9372921248,"9415.620419867895,"
MEMO062,WMV4,2,NA,NA
MEMO063,WMV4,2,380213.9606966825,"4140.591957869054,"
MEMO064,WMV4,2,NA,NA
MEMO065,WMV4,2,746.7695500608095,"61.48033075045732,"
MEMO066,WMV4,2,NA,NA
MEMO067,WMV4,2,NA,NA
MEMO068,WMV4,2,261716.9722315,"68655.37873235786,"
MEMO069,WMV4,2,10229.496497840868,"607.8255788036272,"
MEMO070,WMV4,2,NA,NA
MEMO071,WMV4,2,NA,NA
MEMO072,WMV4,2,440211.31376947,"2621.3417759756812,"
MEMO073,WMV4,2,NA,NA
MEMO074,WMV4,2,NA,NA
MEMO075,WMV4,2,385.70181154337786,"69.6319524714264,"
MEMO077,WMV4,2,31255.712340990453,"851.696849473827,"
MEMO078,WMV4,2,NA,NA
MEMO079,WMV4,2,NA,NA
MEMO080,WMV4,2,NA,NA
MEMO083,WMV4,2,NA,NA
MEMO084,WMV4,2,NA,NA
MEMO085,WMV4,2,NA,NA
MEMO086,WMV4,2,NA,NA
NC,WMV4,2,NA,NA
MEMO115,WMV4,2,NA,NA
MEMO116,WMV4,2,NA,NA
MEMO117,WMV4,2,NA,NA
MEMO118,WMV4,2,NA,NA
MEMO119,WMV4,2,NA,NA
MEMO120,WMV4,2,NA,NA
MEMO121,WMV4,2,NA,NA
MEMO122,WMV4,2,NA,NA
MEMO123,WMV4,2,NA,NA
MEMO124,WMV4,2,NA,NA
MEMO125,WMV4,2,NA,NA
MEMO126,WMV4,2,227268.606556185,"11744.39011748754,"
MEMO127,WMV4,2,NA,NA
MEMO087,WMV4,2,NA,NA
MEMO088,WMV4,2,NA,NA
MEMO089,WMV4,2,NA,NA
MEMO090,WMV4,2,NA,NA
MEMO091,WMV4,2,NA,NA
MEMO092,WMV4,2,NA,NA
MEMO093,WMV4,2,NA,NA
MEMO094,WMV4,2,NA,NA
MEMO095,WMV4,2,NA,NA
MEMO096,WMV4,2,NA,NA
MEMO097,WMV4,2,NA,NA
MEMO098,WMV4,2,926.4300284963348,"72.47474444774387,"
MEMO099,WMV4,2,NA,NA
MEMO100,WMV4,2,3829.92833973877,"34.5906129220234,"
MEMO101,WMV4,2,NA,NA
MEMO102,WMV4,2,NA,NA
MEMO103,WMV4,2,NA,NA
MEMO104,WMV4,2,NA,NA
MEMO105,WMV4,2,NA,NA
MEMO106,WMV4,2,NA,NA
MEMO107,WMV4,2,NA,NA
MEMO108,WMV4,2,NA,NA
MEMO109,WMV4,2,NA,NA
MEMO110,WMV4,2,NA,NA
MEMO111,WMV4,2,NA,NA
MEMO112,WMV4,2,NA,NA
MEMO113,WMV4,2,NA,NA
MEMO128,WMV4,2,NA,NA
NC,WMV4,2,NA,NA
MEMO141,WMV4,2,NA,NA
MEMO146,WMV4,2,NA,NA
MEMO142,WMV4,2,NA,NA
MEMO143,WMV4,2,NA,NA
MEMO144,WMV4,2,NA,NA
MEMO145,WMV4,2,NA,NA
MEMO129,WMV4,2,NA,NA
MEMO130,WMV4,2,NA,NA
MEMO131,WMV4,2,NA,NA
MEMO132,WMV4,2,NA,NA
MEMO133,WMV4,2,NA,NA
MEMO134,WMV4,2,NA,NA
MEMO135,WMV4,2,NA,NA
MEMO136,WMV4,2,NA,NA
MEMO137,WMV4,2,NA,NA
MEMO138,WMV4,2,NA,NA
MEMO139,WMV4,2,NA,NA
MEMO140,WMV4,2,NA,NA
MEMO147,WMV4,2,NA,NA
MEMO148,WMV4,2,NA,NA
MEMO149,WMV4,2,NA,NA
NC,WMV4,2,NA,NA
NEMO01,WMV4,2,NA,NA
NEMO02,WMV4,2,NA,NA
NEMO03,WMV4,2,NA,NA
NEMO04,WMV4,2,290080.6970160286,"20528.445492020346,"
NEMO05,WMV4,2,NA,NA
NEMO06,WMV4,2,NA,NA
NEMO07,WMV4,2,NA,NA
NEMO08,WMV4,2,NA,NA
NEMO09,WMV4,2,NA,NA
NEMO10,WMV4,2,NA,NA
NEMO11,WMV4,2,NA,NA
NEMO12,WMV4,2,NA,NA
NEMO13,WMV4,2,NA,NA
NEMO14,WMV4,2,NA,NA
NEMO15,WMV4,2,NA,NA
NEMO16,WMV4,2,NA,NA
NEMO17,WMV4,2,NA,NA
NEMO18,WMV4,2,NA,NA
NEMO19,WMV4,2,NA,NA
NEMO20,WMV4,2,NA,NA
NC,WMV4,2,NA,NA
NEMO21,WMV4,2,NA,NA
NEMO22,WMV4,2,NA,NA
NEMO23,WMV4,2,NA,NA
NEMO24,WMV4,2,NA,NA
NEMO25,WMV4,2,NA,NA
NEMO26,WMV4,2,NA,NA
NEMO27,WMV4,2,NA,NA
NEMO28,WMV4,2,73259.77218414162,"20058.91426555179,"
NEMO29,WMV4,2,NA,NA
NEMO30,WMV4,2,NA,NA
NEMO31,WMV4,2,61446.28145612884,"1343.8117487146592,"
NEMO32,WMV4,2,NA,NA
NEMO33,WMV4,2,NA,NA
NEMO34,WMV4,2,NA,NA
NEMO35,WMV4,2,NA,NA
NEMO36,WMV4,2,NA,NA
NEMO37,WMV4,2,NA,NA
NEMO38,WMV4,2,NA,NA
NEMO39,WMV4,2,1835.3384064652312,"211.95238748528735,"
NEMO40,WMV4,2,NA,NA
NEMO41,WMV4,2,NA,NA
NEMO42,WMV4,2,NA,NA
NEMO43,WMV4,2,NA,NA
NEMO44,WMV4,2,NA,NA
NEMO45,WMV4,2,NA,NA
NEMO46,WMV4,2,NA,NA
NEMO47,WMV4,2,NA,NA
NEMO48,WMV4,2,NA,NA
NEMO49,WMV4,2,NA,NA
NEMO50,WMV4,2,NA,NA
NEMO51,WMV4,2,NA,NA
NEMO52,WMV4,2,NA,NA
NEMO53,WMV4,2,NA,NA
NEMO54,WMV4,2,370374.76809030754,7217.105081913668
MEMO029,Daeseongdong,2,NA,NA
MEMO030,Daeseongdong,2,NA,NA
MEMO031,Daeseongdong,2,NA,NA
MEMO032,Daeseongdong,2,NA,NA
MEMO033,Daeseongdong,2,NA,NA
MEMO034,Daeseongdong,2,NA,NA
MEMO035,Daeseongdong,2,NA,NA
MEMO036,Daeseongdong,2,NA,NA
MEMO037,Daeseongdong,2,NA,NA
MEMO038,Daeseongdong,2,NA,NA
MEMO039,Daeseongdong,2,NA,NA
MEMO040,Daeseongdong,2,NA,NA
MEMO041,Daeseongdong,2,NA,NA
MEMO042,Daeseongdong,2,NA,NA
MEMO043,Daeseongdong,2,NA,NA
MEMO001,Daeseongdong,2,NA,NA
MEMO002,Daeseongdong,2,NA,NA
MEMO003,Daeseongdong,2,NA,NA
MEMO004,Daeseongdong,2,NA,NA
MEMO005,Daeseongdong,2,NA,NA
MEMO006,Daeseongdong,2,NA,NA
MEMO007,Daeseongdong,2,NA,NA
MEMO008,Daeseongdong,2,NA,NA
MEMO010,Daeseongdong,2,NA,NA
MEMO011,Daeseongdong,2,NA,NA
MEMO012,Daeseongdong,2,NA,NA
MEMO013,Daeseongdong,2,NA,NA
MEMO014,Daeseongdong,2,NA,NA
MEMO015,Daeseongdong,2,NA,NA
MEMO016,Daeseongdong,2,2.573703353282633,"0.38638875244941917,"
MEMO017,Daeseongdong,2,NA,NA
MEMO018,Daeseongdong,2,NA,NA
MEMO019,Daeseongdong,2,7.880346474563023,"2.9295381719157336,"
MEMO021,Daeseongdong,2,NA,NA
MEMO022,Daeseongdong,2,NA,NA
MEMO023,Daeseongdong,2,NA,NA
MEMO024,Daeseongdong,2,3.066151840272195,"2.1715614803498413,"
MEMO025,Daeseongdong,2,NA,NA
MEMO026,Daeseongdong,2,2.342091468174091,"0.4801030634284198,"
MEMO027,Daeseongdong,2,5.442624395361688,"3.081578018520544,"
MEMO028,Daeseongdong,2,3.2395672783927054,"1.3386810653460448,"
NC,Daeseongdong,2,NA,NA
MEMO081,Daeseongdong,2,NA,NA
MEMO082,Daeseongdong,2,NA,NA
MEMO044,Daeseongdong,2,NA,NA
MEMO045,Daeseongdong,2,NA,NA
MEMO047,Daeseongdong,2,NA,NA
MEMO048,Daeseongdong,2,NA,NA
MEMO049,Daeseongdong,2,NA,NA
MEMO050,Daeseongdong,2,NA,NA
MEMO051,Daeseongdong,2,NA,NA
MEMO052,Daeseongdong,2,NA,NA
MEMO053,Daeseongdong,2,NA,NA
MEMO054,Daeseongdong,2,NA,NA
MEMO055,Daeseongdong,2,NA,NA
MEMO056,Daeseongdong,2,NA,NA
MEMO057,Daeseongdong,2,NA,NA
MEMO058,Daeseongdong,2,NA,NA
MEMO059,Daeseongdong,2,NA,NA
MEMO060,Daeseongdong,2,NA,NA
MEMO061,Daeseongdong,2,NA,NA
MEMO062,Daeseongdong,2,NA,NA
MEMO063,Daeseongdong,2,NA,NA
MEMO064,Daeseongdong,2,NA,NA
MEMO065,Daeseongdong,2,NA,NA
MEMO066,Daeseongdong,2,NA,NA
MEMO067,Daeseongdong,2,NA,NA
MEMO068,Daeseongdong,2,NA,NA
MEMO069,Daeseongdong,2,NA,NA
MEMO070,Daeseongdong,2,NA,NA
MEMO071,Daeseongdong,2,NA,NA
MEMO072,Daeseongdong,2,NA,NA
MEMO073,Daeseongdong,2,NA,NA
MEMO074,Daeseongdong,2,NA,NA
MEMO075,Daeseongdong,2,NA,NA
MEMO077,Daeseongdong,2,NA,NA
MEMO078,Daeseongdong,2,NA,NA
MEMO079,Daeseongdong,2,NA,NA
MEMO080,Daeseongdong,2,NA,NA
MEMO083,Daeseongdong,2,NA,NA
MEMO084,Daeseongdong,2,NA,NA
MEMO085,Daeseongdong,2,NA,NA
MEMO086,Daeseongdong,2,NA,NA
NC,Daeseongdong,2,NA,NA
MEMO115,Daeseongdong,2,NA,NA
MEMO116,Daeseongdong,2,NA,NA
MEMO117,Daeseongdong,2,NA,NA
MEMO118,Daeseongdong,2,NA,NA
MEMO119,Daeseongdong,2,NA,NA
MEMO120,Daeseongdong,2,NA,NA
MEMO121,Daeseongdong,2,NA,NA
MEMO122,Daeseongdong,2,2.2366529886280686,"0.9141606069852745,"
MEMO123,Daeseongdong,2,NA,NA
MEMO124,Daeseongdong,2,3.716926159256726,"2.6657828734951305,"
MEMO125,Daeseongdong,2,NA,NA
MEMO126,Daeseongdong,2,NA,NA
MEMO127,Daeseongdong,2,NA,NA
MEMO087,Daeseongdong,2,NA,NA
MEMO088,Daeseongdong,2,NA,NA
MEMO089,Daeseongdong,2,NA,NA
MEMO090,Daeseongdong,2,NA,NA
MEMO091,Daeseongdong,2,NA,NA
MEMO092,Daeseongdong,2,NA,NA
MEMO093,Daeseongdong,2,NA,NA
MEMO094,Daeseongdong,2,NA,NA
MEMO095,Daeseongdong,2,NA,NA
MEMO096,Daeseongdong,2,NA,NA
MEMO097,Daeseongdong,2,NA,NA
MEMO098,Daeseongdong,2,NA,NA
MEMO099,Daeseongdong,2,NA,NA
MEMO100,Daeseongdong,2,NA,NA
MEMO101,Daeseongdong,2,NA,NA
MEMO102,Daeseongdong,2,NA,NA
MEMO103,Daeseongdong,2,NA,NA
MEMO104,Daeseongdong,2,NA,NA
MEMO105,Daeseongdong,2,NA,NA
MEMO106,Daeseongdong,2,NA,NA
MEMO107,Daeseongdong,2,NA,NA
MEMO108,Daeseongdong,2,NA,NA
MEMO109,Daeseongdong,2,NA,NA
MEMO110,Daeseongdong,2,NA,NA
MEMO111,Daeseongdong,2,NA,NA
MEMO112,Daeseongdong,2,NA,NA
MEMO113,Daeseongdong,2,NA,NA
MEMO128,Daeseongdong,2,NA,NA
NC,Daeseongdong,2,NA,NA
MEMO141,Daeseongdong,2,NA,NA
MEMO146,Daeseongdong,2,5.563087478772218,"0.4607471390658329,"
MEMO142,Daeseongdong,2,NA,NA
MEMO143,Daeseongdong,2,NA,NA
MEMO144,Daeseongdong,2,NA,NA
MEMO145,Daeseongdong,2,NA,NA
MEMO129,Daeseongdong,2,NA,NA
MEMO130,Daeseongdong,2,4891765.272009401,"637401.2794861173,"
MEMO131,Daeseongdong,2,NA,NA
MEMO132,Daeseongdong,2,NA,NA
MEMO133,Daeseongdong,2,NA,NA
MEMO134,Daeseongdong,2,NA,NA
MEMO135,Daeseongdong,2,NA,NA
MEMO136,Daeseongdong,2,NA,NA
MEMO137,Daeseongdong,2,NA,NA
MEMO138,Daeseongdong,2,NA,NA
MEMO139,Daeseongdong,2,NA,NA
MEMO140,Daeseongdong,2,NA,NA
MEMO147,Daeseongdong,2,NA,NA
MEMO148,Daeseongdong,2,NA,NA
MEMO149,Daeseongdong,2,NA,NA
NC,Daeseongdong,2,NA,NA
NEMO01,Daeseongdong,2,96.41448360840748,"21.191417707971322,"
NEMO02,Daeseongdong,2,9.696327625402752,"5.063782617645792,"
NEMO03,Daeseongdong,2,8.906993755292422,"0.2300592568846248,"
NEMO04,Daeseongdong,2,45.90790033019608,"1.6956516583062937,"
NEMO05,Daeseongdong,2,15.31998194091409,"8.39680347559513,"
NEMO06,Daeseongdong,2,137.50903982933497,"0.14435149374581993,"
NEMO07,Daeseongdong,2,1.8592383582587964,"0.0415394271587506,"
NEMO08,Daeseongdong,2,1.8816026570868385,"0.050114136347703876,"
NEMO09,Daeseongdong,2,17.391696053744365,"5.526281211280615,"
NEMO10,Daeseongdong,2,NA,NA
NEMO11,Daeseongdong,2,4.6119618340258945,"0.32228772528095606,"
NEMO12,Daeseongdong,2,3.2101978342831483,"2.0155203108426556,"
NEMO13,Daeseongdong,2,NA,NA
NEMO14,Daeseongdong,2,27.286493596626148,"3.0763197762453793,"
NEMO15,Daeseongdong,2,3.4588085876548824,"3.0656354128164764,"
NEMO16,Daeseongdong,2,NA,NA
NEMO17,Daeseongdong,2,NA,NA
NEMO18,Daeseongdong,2,NA,NA
NEMO19,Daeseongdong,2,NA,NA
NEMO20,Daeseongdong,2,NA,NA
NC,Daeseongdong,2,NA,NA
NEMO21,Daeseongdong,2,3227705.4804759477,"125899.04926050598,"
NEMO22,Daeseongdong,2,70.09310987083101,"35.01308769972734,"
NEMO23,Daeseongdong,2,9.60865525054188,"4.565662321849044,"
NEMO24,Daeseongdong,2,6.073763708033704,"5.60627678140947,"
NEMO25,Daeseongdong,2,11.95190634456787,"2.8372605437155496,"
NEMO26,Daeseongdong,2,NA,NA
NEMO27,Daeseongdong,2,6.694445728467858,"2.1726398698076514,"
NEMO28,Daeseongdong,2,NA,NA
NEMO29,Daeseongdong,2,11.857898197181296,"0.19059479457196882,"
NEMO30,Daeseongdong,2,11.925741839595297,"10.374322297473622,"
NEMO31,Daeseongdong,2,12031971.743143504,"1275309.820303292,"
NEMO32,Daeseongdong,2,NA,NA
NEMO33,Daeseongdong,2,NA,NA
NEMO34,Daeseongdong,2,NA,NA
NEMO35,Daeseongdong,2,5.153649257000163,"3.9011211890940762,"
NEMO36,Daeseongdong,2,17.342380620936105,"4.6879577878810235,"
NEMO37,Daeseongdong,2,94.68713539442189,"17.64291582766294,"
NEMO38,Daeseongdong,2,NA,NA
NEMO39,Daeseongdong,2,NA,NA
NEMO40,Daeseongdong,2,NA,NA
NEMO41,Daeseongdong,2,308.1676863594853,"20.374709857832137,"
NEMO42,Daeseongdong,2,2017372.0966627388,"416407.0052036671,"
NEMO43,Daeseongdong,2,47.0523990720013,"4.7964967214188965,"
NEMO44,Daeseongdong,2,38.73117674207204,"11.191017716509263,"
NEMO45,Daeseongdong,2,15.363271174646668,"8.093250593955299,"
NEMO46,Daeseongdong,2,NA,NA
NEMO47,Daeseongdong,2,NA,NA
NEMO48,Daeseongdong,2,NA,NA
NEMO49,Daeseongdong,2,NA,NA
NEMO50,Daeseongdong,2,NA,NA
NEMO51,Daeseongdong,2,10.099432174178697,"4.1561248294089586,"
NEMO52,Daeseongdong,2,9.992946872838743,"10.867932823447953,"
NEMO53,Daeseongdong,2,21.61764036540842,"6.185366481891042,"
NEMO54,Daeseongdong,2,9.170270273596278,1.720734653863025
MEMO029,HMV4,2,NA,NA
MEMO030,HMV4,2,14861171.120657053,"1808215.1150931544,"
MEMO031,HMV4,2,409126.8731168597,"48007.55303336538,"
MEMO032,HMV4,2,18.180436652691775,"1.595689736607171,"
MEMO033,HMV4,2,10.054259747287176,"11.264364292535467,"
MEMO034,HMV4,2,44729.54710263706,"3136.16649115456,"
MEMO035,HMV4,2,NA,NA
MEMO036,HMV4,2,NA,NA
MEMO037,HMV4,2,NA,NA
MEMO038,HMV4,2,NA,NA
MEMO039,HMV4,2,NA,NA
MEMO040,HMV4,2,NA,NA
MEMO041,HMV4,2,NA,NA
MEMO042,HMV4,2,NA,NA
MEMO043,HMV4,2,NA,NA
MEMO001,HMV4,2,NA,NA
MEMO002,HMV4,2,NA,NA
MEMO003,HMV4,2,NA,NA
MEMO004,HMV4,2,NA,NA
MEMO005,HMV4,2,NA,NA
MEMO006,HMV4,2,21.619853019528836,"13.197875342421565,"
MEMO007,HMV4,2,1731340.4138433663,"55058.23216921159,"
MEMO008,HMV4,2,NA,NA
MEMO010,HMV4,2,NA,NA
MEMO011,HMV4,2,NA,NA
MEMO012,HMV4,2,NA,NA
MEMO013,HMV4,2,NA,NA
MEMO014,HMV4,2,NA,NA
MEMO015,HMV4,2,NA,NA
MEMO016,HMV4,2,NA,NA
MEMO017,HMV4,2,NA,NA
MEMO018,HMV4,2,NA,NA
MEMO019,HMV4,2,NA,NA
MEMO021,HMV4,2,NA,NA
MEMO022,HMV4,2,NA,NA
MEMO023,HMV4,2,NA,NA
MEMO024,HMV4,2,NA,NA
MEMO025,HMV4,2,NA,NA
MEMO026,HMV4,2,NA,NA
MEMO027,HMV4,2,NA,NA
MEMO028,HMV4,2,NA,NA
NC,HMV4,2,NA,NA
MEMO081,HMV4,2,NA,NA
MEMO082,HMV4,2,NA,NA
MEMO044,HMV4,2,NA,NA
MEMO045,HMV4,2,NA,NA
MEMO047,HMV4,2,NA,NA
MEMO048,HMV4,2,NA,NA
MEMO049,HMV4,2,NA,NA
MEMO050,HMV4,2,NA,NA
MEMO051,HMV4,2,NA,NA
MEMO052,HMV4,2,NA,NA
MEMO053,HMV4,2,NA,NA
MEMO054,HMV4,2,NA,NA
MEMO055,HMV4,2,NA,NA
MEMO056,HMV4,2,NA,NA
MEMO057,HMV4,2,NA,NA
MEMO058,HMV4,2,NA,NA
MEMO059,HMV4,2,NA,NA
MEMO060,HMV4,2,NA,NA
MEMO061,HMV4,2,NA,NA
MEMO062,HMV4,2,NA,NA
MEMO063,HMV4,2,NA,NA
MEMO064,HMV4,2,NA,NA
MEMO065,HMV4,2,NA,NA
MEMO066,HMV4,2,NA,NA
MEMO067,HMV4,2,NA,NA
MEMO068,HMV4,2,NA,NA
MEMO069,HMV4,2,NA,NA
MEMO070,HMV4,2,NA,NA
MEMO071,HMV4,2,NA,NA
MEMO072,HMV4,2,NA,NA
MEMO073,HMV4,2,NA,NA
MEMO074,HMV4,2,NA,NA
MEMO075,HMV4,2,NA,NA
MEMO077,HMV4,2,NA,NA
MEMO078,HMV4,2,NA,NA
MEMO079,HMV4,2,NA,NA
MEMO080,HMV4,2,NA,NA
MEMO083,HMV4,2,NA,NA
MEMO084,HMV4,2,NA,NA
MEMO085,HMV4,2,NA,NA
MEMO086,HMV4,2,NA,NA
NC,HMV4,2,NA,NA
MEMO115,HMV4,2,NA,NA
MEMO116,HMV4,2,NA,NA
MEMO117,HMV4,2,NA,NA
MEMO118,HMV4,2,NA,NA
MEMO119,HMV4,2,NA,NA
MEMO120,HMV4,2,NA,NA
MEMO121,HMV4,2,NA,NA
MEMO122,HMV4,2,NA,NA
MEMO123,HMV4,2,NA,NA
MEMO124,HMV4,2,NA,NA
MEMO125,HMV4,2,NA,NA
MEMO126,HMV4,2,NA,NA
MEMO127,HMV4,2,NA,NA
MEMO087,HMV4,2,645420.9015792394,"7169.695032577527,"
MEMO088,HMV4,2,NA,NA
MEMO089,HMV4,2,2488.045471573802,"37.65924801670755,"
MEMO090,HMV4,2,NA,NA
MEMO091,HMV4,2,NA,NA
MEMO092,HMV4,2,NA,NA
MEMO093,HMV4,2,1987.081211504149,"71.44812798788469,"
MEMO094,HMV4,2,NA,NA
MEMO095,HMV4,2,NA,NA
MEMO096,HMV4,2,NA,NA
MEMO097,HMV4,2,NA,NA
MEMO098,HMV4,2,NA,NA
MEMO099,HMV4,2,NA,NA
MEMO100,HMV4,2,NA,NA
MEMO101,HMV4,2,NA,NA
MEMO102,HMV4,2,NA,NA
MEMO103,HMV4,2,NA,NA
MEMO104,HMV4,2,NA,NA
MEMO105,HMV4,2,NA,NA
MEMO106,HMV4,2,NA,NA
MEMO107,HMV4,2,NA,NA
MEMO108,HMV4,2,NA,NA
MEMO109,HMV4,2,NA,NA
MEMO110,HMV4,2,NA,NA
MEMO111,HMV4,2,NA,NA
MEMO112,HMV4,2,NA,NA
MEMO113,HMV4,2,NA,NA
MEMO128,HMV4,2,NA,NA
NC,HMV4,2,NA,NA
MEMO141,HMV4,2,NA,NA
MEMO146,HMV4,2,NA,NA
MEMO142,HMV4,2,24.71394040575293,"1.9022231037508908,"
MEMO143,HMV4,2,NA,NA
MEMO144,HMV4,2,1036.459404627042,"34.04970849421879,"
MEMO145,HMV4,2,5.593522512345024,"3.4513892904452734,"
MEMO129,HMV4,2,NA,NA
MEMO130,HMV4,2,NA,NA
MEMO131,HMV4,2,NA,NA
MEMO132,HMV4,2,NA,NA
MEMO133,HMV4,2,NA,NA
MEMO134,HMV4,2,NA,NA
MEMO135,HMV4,2,NA,NA
MEMO136,HMV4,2,NA,NA
MEMO137,HMV4,2,NA,NA
MEMO138,HMV4,2,NA,NA
MEMO139,HMV4,2,NA,NA
MEMO140,HMV4,2,NA,NA
MEMO147,HMV4,2,NA,NA
MEMO148,HMV4,2,NA,NA
MEMO149,HMV4,2,NA,NA
NC,HMV4,2,NA,NA
NEMO01,HMV4,2,NA,NA
NEMO02,HMV4,2,NA,NA
NEMO03,HMV4,2,NA,NA
NEMO04,HMV4,2,NA,NA
NEMO05,HMV4,2,NA,NA
NEMO06,HMV4,2,NA,NA
NEMO07,HMV4,2,NA,NA
NEMO08,HMV4,2,NA,NA
NEMO09,HMV4,2,NA,NA
NEMO10,HMV4,2,NA,NA
NEMO11,HMV4,2,NA,NA
NEMO12,HMV4,2,NA,NA
NEMO13,HMV4,2,NA,NA
NEMO14,HMV4,2,NA,NA
NEMO15,HMV4,2,NA,NA
NEMO16,HMV4,2,NA,NA
NEMO17,HMV4,2,NA,NA
NEMO18,HMV4,2,NA,NA
NEMO19,HMV4,2,NA,NA
NEMO20,HMV4,2,NA,NA
NC,HMV4,2,NA,NA
NEMO21,HMV4,2,NA,NA
NEMO22,HMV4,2,NA,NA
NEMO23,HMV4,2,NA,NA
NEMO24,HMV4,2,NA,NA
NEMO25,HMV4,2,NA,NA
NEMO26,HMV4,2,NA,NA
NEMO27,HMV4,2,NA,NA
NEMO28,HMV4,2,NA,NA
NEMO29,HMV4,2,NA,NA
NEMO30,HMV4,2,NA,NA
NEMO31,HMV4,2,NA,NA
NEMO32,HMV4,2,NA,NA
NEMO33,HMV4,2,NA,NA
NEMO34,HMV4,2,NA,NA
NEMO35,HMV4,2,NA,NA
NEMO36,HMV4,2,NA,NA
NEMO37,HMV4,2,NA,NA
NEMO38,HMV4,2,NA,NA
NEMO39,HMV4,2,NA,NA
NEMO40,HMV4,2,NA,NA
NEMO41,HMV4,2,NA,NA
NEMO42,HMV4,2,NA,NA
NEMO43,HMV4,2,NA,NA
NEMO44,HMV4,2,NA,NA
NEMO45,HMV4,2,NA,NA
NEMO46,HMV4,2,NA,NA
NEMO47,HMV4,2,NA,NA
NEMO48,HMV4,2,NA,NA
NEMO49,HMV4,2,NA,NA
NEMO50,HMV4,2,NA,NA
NEMO51,HMV4,2,NA,NA
NEMO52,HMV4,2,NA,NA
NEMO53,HMV4,2,NA,NA
NEMO54,HMV4,2,NA,NA
